Zip_Code,Count,Latitude,Longitude
92503,260,34.87270059423681,-117.20175658256542
92504,216,37.75357153204958,-119.95114576290408
92508,176,36.65996970905702,-118.36769345878004
92506,153,35.993292420985185,-117.41144178307644
92880,133,33.780093202212186,-119.56066750427583
92571,122,33.77997260168101,-118.2468653439541
92336,121,33.290418060841,-119.83398445604317
92509,108,37.330880728874675,-119.6071075142249
92882,105,36.00557505871605,-118.01538361899202
92399,101,36.540362888980226,-119.3364212297847
92881,101,33.10292247147901,-117.16229575869221
92505,94,37.84954926080997,-116.55267515431368
92223,91,37.16221320400211,-115.99706650445458
92557,86,34.06169555339138,-118.99924877877595
92553,84,33.9091248360355,-119.16258708870465
92555,84,33.917022549267166,-119.477160798328
91709,83,34.52121121479769,-116.81784875228182
92879,82,35.62378215816119,-116.4676213675655
92584,80,35.15972509321058,-119.8420692758718
92883,79,34.45614570099021,-115.31893876878155
92507,76,36.0592644736119,-119.74014358174264
92374,75,33.697469303260206,-117.29351832349465
92562,72,34.46072324267609,-116.45469740274542
91752,71,34.83180921646846,-115.64515438126958
91710,69,35.28034992108518,-116.42956533933786
92335,68,36.92587980696507,-115.99135958465104
92570,66,33.9983689107918,-118.30274903728596
92407,62,35.57117219206806,-115.92587443126745
92324,62,35.962072844310214,-119.59942576807663
91739,61,33.23225206359999,-115.52591671969736
92592,60,36.03772425950719,-117.26203811923132
92376,60,33.85262061843646,-115.91351115018753
92563,59,33.3252579649264,-117.7384085774085
92346,59,37.74442768626667,-116.78211152401738
92373,58,37.82816016537279,-117.36798669531943
92860,55,37.0419867405823,-116.34205239122335
92530,46,34.52306884586685,-119.59185008984706
92337,44,33.48836057003192,-119.69823958004719
92551,44,36.42116513256079,-118.76448382994927
91761,42,35.20076246869801,-119.20227659943406
92404,41,33.61019117422389,-115.64108216703899
91737,38,35.47588455055635,-118.90393006320978
92532,38,33.17194260557609,-115.12067372090435
92544,37,37.54660201039391,-118.31552104114446
91762,37,34.293899908000085,-119.08941042155651
92308,37,36.31261142176991,-116.05150746428761
92545,37,34.55855538044705,-116.70646112249563
92392,36,35.60034010588905,-117.5090214177343
91701,36,35.7335513967164,-117.22318224531185
92583,34,33.92427227762764,-116.40399110863868
91730,34,37.84792313882279,-118.8577262933435
92596,33,36.875664116805574,-115.01833041971629
92587,33,37.697494707820944,-115.12603418926608
92501,33,37.47413675213824,-116.74837156826531
92345,32,35.98949989405543,-119.00228774535428
92301,29,37.609371175115584,-116.59885878784354
92595,28,33.442462510259595,-119.63900795510412
92591,28,33.97991431209572,-119.84673748897097
92394,27,33.226136444552694,-118.71158555744393
92377,27,34.626651653816324,-117.68688521630342
91786,25,34.94338644844741,-115.65863747295809
92585,25,34.35674515886948,-116.36415465116846
92203,24,37.14368754575965,-116.2864673940001
92313,24,34.78376663346795,-117.87253332775963
91784,24,34.404672548436906,-118.27032503726518
92867,24,35.713480415791246,-118.14480618507699
92307,23,33.70462112487381,-115.0617521813197
92886,22,37.0109849037702,-119.79945404293758
92316,22,33.372753218398856,-115.66484251938776
92220,22,37.934434683002586,-117.10662295713803
92354,21,36.861223846483284,-117.80692290405204
92410,21,33.99357840767086,-116.37371169792432
92405,21,33.027610585618014,-117.56665529287649
92395,20,37.07730714227417,-115.6328838095917
92344,20,36.53428671923808,-115.4964906799437
92870,20,36.64503584020494,-117.89139536563272
91766,19,36.856351733429726,-118.61586101382474
92408,19,33.37022325867045,-117.03824835703318
91773,19,34.792328642721365,-115.43818327191654
91722,19,33.57934529762565,-118.94668905497167
92320,18,37.315517129377966,-116.88516708218259
93312,18,36.11649063413779,-116.8421988995374
92688,16,34.65449012426325,-116.33443488792359
91702,16,33.31779175143012,-119.3421615743637
90631,15,34.55491160857831,-116.42087517658956
91740,15,34.625916610133736,-115.45483739667179
92582,15,36.64803089169032,-119.10158445564879
92878,15,36.18778735677606,-118.81228337538062
92543,15,37.436063712881634,-115.1430245297918
91711,14,35.36107462580975,-119.09511523645256
91750,14,33.59797122969151,-115.72807453315211
92630,14,36.56622393611497,-117.53861071775982
92692,14,36.803925243084485,-118.76384462798411
92234,14,35.806385987847484,-115.64625049363744
91764,14,36.85483589977281,-117.77347372498667
92887,14,35.46897798182195,-117.42591323035155
92211,14,35.61366414690997,-118.20383315300117
92646,14,35.137705091792746,-117.03524574282537
93314,13,33.12709563372048,-119.18238063707489
91790,13,33.539457134966526,-118.0445923167412
95366,13,33.15714592843367,-115.15293838832356
91763,13,36.1820520563189,-118.70933283649437
91767,13,34.57177990538163,-116.71631667729353
91741,13,35.54285345582351,-118.37404967887653
92673,13,37.537832369630465,-116.132634371567
91765,13,34.24646114574438,-119.34563169640825
92705,12,35.05191461517815,-115.15089477460728
92411,12,36.777755692715246,-117.7310522930818
92567,12,34.14399082745811,-118.81974768326768
91708,12,33.38489954914397,-119.63251626334994
92359,12,34.44875726456884,-119.15121047456229
93619,12,33.80610643627002,-117.40113025721992
91744,12,37.64848826171286,-118.31498411784357
90703,12,37.040601897822086,-115.85558317058695
92656,12,36.16701878255212,-117.84556238169097
91350,12,37.35730295093859,-118.75642863706184
91706,12,37.01836038449557,-116.91427506697985
92691,11,33.93285029443018,-116.46611391557278
90603,11,37.462794992449886,-119.16479046049525
92821,11,35.696711209578254,-119.16190391855841
92869,11,37.03720077582031,-119.81664286533228
95747,11,37.48045649961747,-116.31798992467179
92807,11,34.59001737485932,-116.68097736189097
92835,11,33.550259622638386,-117.62684562125094
92677,10,34.13967581270971,-115.77914775515401
92026,10,35.13553894313128,-115.97164923524973
93455,10,37.090073829612464,-117.07322817801624
92019,10,37.30365291628172,-115.65864359743371
92675,10,33.034760652655955,-118.97079394981616
91789,10,35.55373651288783,-119.44040190301136
91791,9,35.08705501574389,-118.65125194241506
92629,9,34.11053905235365,-119.71456571955342
92694,9,33.59932683666841,-117.34415235999484
90638,9,34.68807585701814,-115.3169715385252
90660,9,37.7145485195626,-119.80328229665746
95376,9,34.61601466010378,-119.38945042994986
90274,9,35.59395310871683,-117.73900485858282
92128,9,36.515094794475885,-115.33062491236048
92833,9,34.81814801189647,-118.41921947511625
95765,9,37.858910413604804,-117.46382595655804
95120,9,37.81223647471056,-119.79213570474803
92679,9,34.25891147912682,-119.25828399518956
92201,9,35.486242529461926,-115.06684938520577
93277,9,34.50439154908385,-115.17440651781978
95355,8,34.42420247188734,-119.97530009532795
94598,8,33.184434736772666,-115.2409410728838
90650,8,36.047821669899484,-116.8044003109225
92649,8,35.51339511614431,-115.6604085273999
90706,8,33.25739375624995,-117.72630072183071
92548,8,34.393232321183056,-117.42201985710375
92845,8,37.54132942983327,-117.55576709871539
93311,8,34.19780945333486,-116.66567871226948
92253,8,33.724474360456114,-119.30174372621843
92084,8,35.44726380138781,-119.85013205063662
92808,8,37.928252270553,-118.46035029204404
91724,8,34.210276357557504,-116.47659618631677
92672,7,36.36067773702939,-118.99073273938527
92861,7,36.80809807664359,-116.63283783337542
92056,7,34.188187719961995,-115.15043976946365
92127,7,36.641081743059296,-119.5304964210529
91935,7,34.83891566359627,-116.63698940887437
94550,7,36.161529152967894,-117.78124890347715
92806,7,36.167648553804476,-115.65928872811247
97080,7,35.67887342037379,-119.11425105276307
91977,7,33.451448850272044,-116.53687023886917
90701,7,37.17651247794619,-115.80942355175945
91354,7,34.60390032485868,-115.27692890262989
92028,7,33.93259255199927,-116.58375985855177
92704,7,33.20387570777382,-117.51412617995787
94565,7,35.95446471594121,-116.91076379899393
92648,7,36.38782180921141,-115.65547507760641
91010,7,33.08293914463928,-117.14695126680586
92586,7,35.560465291496406,-119.84806470151581
92314,7,34.13247887598969,-115.3452565224651
92227,7,36.22586395204725,-116.55236624484219
92610,7,33.87183214502496,-116.61743307111377
90630,7,36.45468869051233,-118.92162423801142
93730,7,34.933676731502686,-116.70557264883672
92604,7,37.683649943683676,-118.0306779717292
93010,7,33.687604720729965,-116.74383511479255
95037,7,34.705331755251294,-119.46703484846005
91723,7,33.56736760620294,-116.71077347698483
92865,7,37.623468091392816,-115.00293137114667
90807,6,37.386696766904905,-119.75893980569722
92260,6,34.289708138575776,-115.11412907889341
90503,6,36.2999202301709,-117.96546019638565
90640,6,37.08611100100608,-115.64623274831371
90250,6,35.77600405799731,-116.08807257970864
92071,6,35.64825289178003,-117.16491869506666
95356,6,34.20926145450226,-116.30775395374337
90723,6,33.4655138390295,-115.60742219349326
92010,6,37.48607878976664,-117.97929839174483
92078,6,37.50209028581665,-118.3648341921838
94583,6,36.16550728636634,-116.66203307218208
91792,6,34.6951489552435,-115.96077029029371
92708,6,34.746047873063304,-116.18857432611692
92081,6,36.6297783943512,-116.01093175570682
95382,6,37.48555129976289,-117.82208342593533
93230,6,37.43543212132559,-115.9108289191249
90815,6,36.89937772928812,-119.39895472314696
91745,6,36.21015823077144,-117.27755451019576
95630,6,33.420699824975244,-119.97120669750939
94521,6,33.80814357047307,-118.37707085049865
95242,6,37.492770942635396,-118.16769232564302
92236,6,36.03214529829795,-118.01913654195373
90808,6,33.04598525808315,-116.5226639665507
94546,6,33.50735771433016,-118.05720949364827
95757,6,36.31750884554028,-117.75653188688734
93720,6,33.025307919231096,-118.81227934562837
94513,5,33.80404025708749,-118.1337410418533
92020,5,35.74366894683293,-118.86365186368424
89135,5,36.45947598846347,-119.63402038115778
98332,5,36.259806297513,-116.98275703309311
92340,5,34.1213465473028,-116.65893600722492
91914,5,36.56089610673768,-116.90254826995192
95667,5,34.186245437484,-117.68252978099714
97223,5,34.62699849079634,-118.10107109910385
93065,5,36.73245702559012,-115.68333175214087
92602,5,36.248164495236075,-117.40459107431892
92683,5,37.24611705247089,-117.60409061185135
92058,5,36.28806446150172,-119.87178967096783
91746,5,35.841543016677356,-118.29376086186922
97089,5,33.46837383914046,-118.09902190607072
95603,5,34.83857901529717,-118.00588609551549
91755,5,34.326011838408625,-117.09913815386334
92352,5,34.21994821689542,-117.3319872663656
90280,5,37.86505277376223,-116.96047453603278
92131,5,34.965488623333805,-116.17558369228936
97701,5,37.460232775885565,-115.93507130641953
93550,5,36.15569312998632,-116.40938461886753
92626,5,36.97405651770824,-115.22238152022533
95361,5,35.51318546552596,-119.90883708661819
93291,5,35.88451942313179,-119.02111007158227
95662,5,35.46258846909432,-119.96218562510929
91016,5,33.976214938990225,-116.76262642922698
93535,5,36.61226057630753,-115.50984725525007
95678,5,34.403861812204276,-118.7825885171185
92025,5,33.121579832157266,-115.36482727601847
91913,5,36.22736147953584,-119.69866304855219
92805,5,33.885553397035245,-115.32781986597243
91803,5,37.702292921764574,-118.24188656380183
90620,5,37.769642885012935,-119.49289585775392
91901,5,37.57432195110224,-117.57064120406837
93221,5,34.850793501277224,-118.71611716139746
91344,5,33.077283082644335,-118.57563549019038
94523,5,37.641592812938626,-118.46355017536857
91384,5,35.14092074158657,-115.98487051083669
92653,5,37.83327409521835,-117.30419361662373
91342,5,37.818099885446266,-118.44346150421998
92009,5,37.2650472773368,-116.94833108344541
90623,4,34.47224446034793,-116.41924662888403
93536,4,34.92548864300963,-118.63687999633233
92040,4,37.25568335758428,-117.93225449237325
92130,4,34.58461002578139,-119.39056953331526
92624,4,33.84746373343046,-119.0942532523266
94536,4,35.78400631229175,-116.59441073017508
90602,4,37.680773870803904,-119.09280826152187
92129,4,36.48014898337487,-117.3741830816647
96744,4,35.85030585044682,-116.45476869138784
94561,4,33.485882468853845,-119.46561538452629
91320,4,36.07503613349585,-117.16343890185549
95118,4,37.950269250521316,-118.71718608149318
90605,4,33.70042007618262,-115.1853656238121
92011,4,35.59164826181868,-117.58227176640038
91942,4,37.38686535963978,-115.97003725112421
95330,4,36.70384308877102,-117.2488672892187
95404,4,36.48507870497634,-119.7829373357259
97408,4,36.512420419935545,-116.83424312202989
93023,4,34.79745575609878,-115.24298328896671
92620,4,34.46795922132247,-116.99194089926834
97070,4,37.04680577739257,-115.90405570286605
93212,4,37.0505669733959,-115.57896768325796
95648,4,37.33536159290052,-118.85960114025534
92801,4,37.56620276278235,-118.93977580045886
95762,4,35.55671199430469,-116.94509505574504
95340,4,35.507581473436,-117.94485765096648
90242,4,36.991475894833876,-115.8006934856664
92317,4,36.24981965388883,-115.49988438300994
92840,4,36.50983438628852,-118.2328931034864
95391,4,36.9789633471805,-118.81564720512759
92024,4,37.45002670908783,-116.0973724237807
96822,4,34.689975784257676,-118.62596982225932
90201,4,34.87791476319972,-115.88692840743161
95409,4,33.469909699204344,-117.88130873175619
97132,4,35.89140070498087,-116.66225050354265
90746,4,33.17971136898371,-119.52232343082666
92831,4,35.3279900906623,-116.88070337661713
96701,4,35.713223173537884,-117.74116160631385
93012,4,34.432706260641424,-117.06695768412263
92371,4,35.95416630284505,-119.15992896127568
91505,4,33.15250124969525,-116.31563127527909
90604,4,33.186740943746074,-115.68601461228386
94579,4,37.11300280329829,-118.91630099954612
92057,4,34.80095320705632,-119.5214272223992
97140,4,33.63530256325942,-119.88180706976831
90249,4,35.61121630027402,-116.79014249778368
92315,4,36.849967765493055,-116.96452981955609
94080,4,34.07910513748421,-117.26651293642965
95661,4,36.114452379095,-118.84026451942012
95959,4,33.42673732496884,-118.04547002047242
92843,4,33.25840860584304,-117.02761832406914
94503,4,35.65677315784074,-117.51616570570415
91360,4,35.70317560805053,-115.06107239892556
91604,4,36.187149507491036,-119.31780123721633
95123,4,36.630456668613306,-116.52427722976203
92021,4,37.87926039731267,-117.97840615947854
94506,4,35.581501741505974,-117.85900192537193
93628,4,34.61478236470623,-116.41201117170912
90504,4,36.97593097384352,-116.53781924337815
93551,4,34.35416125631037,-115.04372003148906
95746,4,35.19485710352818,-119.35802855272938
93257,4,33.39228190671133,-119.47945175307918
95124,4,33.126753717077285,-116.37830591435629
95380,4,37.813242073389624,-117.10806541496795
90044,4,37.17990060256103,-118.62919666720097
95377,4,36.47987103046849,-119.60290315505506
91902,4,35.04476472207135,-119.57170875201784
90720,4,33.86647160035423,-115.5290456266794
92064,4,33.78218521335543,-119.04066337640629
85383,4,34.251214490822974,-118.3831421894224
94587,3,35.7461333235306,-118.86671798886506
94086,3,36.57297961350031,-118.22501847084031
95742,3,36.300986883588656,-119.65288078626953
91768,3,34.39966948472971,-117.40470104545865
94040,3,37.77432640331597,-119.66193718203893
98011,3,36.689484583478844,-115.99821746088818
92139,3,35.771770262557006,-118.83143959044783
93001,3,36.05860373117176,-117.29994042697744
91748,3,35.09800031213895,-115.59960456219271
93543,3,34.238654947505786,-116.74561315476403
94526,3,34.779863393256306,-117.33521106724332
91390,3,36.78923055232185,-118.37833123442311
94520,3,33.07196744314878,-118.33499043470901
60187,3,33.58036320253458,-116.65256522400905
95350,3,33.230013210108766,-115.02930319389417
93644,3,33.203644011594854,-116.6908040507531
93306,3,37.277302920055035,-117.21108291314988
92868,3,36.51828929690012,-116.34674744880377
92274,3,35.37086914543663,-117.6739719385814
90606,3,33.48917080325501,-119.69928828699608
92618,3,35.45807937558416,-117.18851592061046
93552,3,35.36735885390283,-115.2118735774731
97060,3,33.866009349550076,-119.1234852882117
94578,3,35.16925824618986,-116.54997554589667
96797,3,34.992523671986866,-118.99533155670471
98422,3,36.07925049026108,-117.32086157763459
95209,3,36.17546825433822,-119.5166177517664
93405,3,33.22652004886022,-117.74814531870908
96821,3,34.87306307313236,-116.21918335552377
95020,3,36.12929957857118,-118.2621423788051
90059,3,35.51568129290044,-116.67544137756391
85737,3,37.28244920594161,-116.02275019605135
94563,3,36.293468158094726,-115.36411090260273
91732,3,33.81467213540715,-118.82678959072273
24333,3,33.352843737002146,-118.00342042095346
85396,3,36.21209639103158,-119.23791993334791
95608,3,33.13255655270811,-115.03758248920812
93612,3,35.92887790636732,-115.36499516037853
92603,3,37.70115120712479,-117.30021434859721
91729,3,35.87737088937939,-115.7898335281179
92008,3,34.94084963103261,-117.39521011363979
95758,3,36.21644109221177,-116.8820715599862
92590,3,35.29126445245758,-119.55437783941991
92606,3,35.72808394657967,-116.22364789751596
91001,3,37.70732404388262,-119.36143258182382
95035,3,34.93051318900387,-115.86966184873737
90713,3,37.80595281911957,-116.08985956164807
98072,3,37.52675320978032,-116.45627651128511
89052,3,33.97895567394648,-119.81919809737619
94531,3,33.34680650437583,-118.48435822027335
94597,3,33.50389000688713,-118.68443715044579
64145,3,33.09110912825775,-118.19931796264241
92243,3,33.47221480377964,-119.5617862661808
92069,3,36.41503386708178,-115.31521088484469
91362,3,33.355943242301144,-117.23098879643811
95602,3,34.594878151468805,-118.47237844670988
92065,3,37.224376554847275,-118.01509241462858
90272,3,33.11635967867913,-117.76398729747582
98296,3,37.07234241294468,-116.99702833319691
91932,3,34.409273873867,-117.42160286151751
92231,3,33.59082413810828,-115.40304013392792
92029,3,36.483685826820754,-117.51518258547085
91006,3,36.14471423389942,-115.03920992588344
92832,3,37.387360067635264,-115.74287521127452
96720,3,36.67535521901943,-118.95744742821333
92703,3,37.017404651924245,-115.34702392678042
91733,3,34.410172862856534,-119.41816801057261
94568,3,33.88719771889861,-115.91275145754405
77494,3,36.753073758204295,-118.0968835326171
92262,3,37.03417369633632,-115.61012839777466
93420,3,37.952525710003364,-115.65971654946274
94582,3,35.06308838455713,-115.9703729994119
91759,3,34.860090428963915,-116.0498478184647
91335,3,36.88206480370999,-118.47660430450979
97229,3,34.70401770126509,-119.59540358474374
37067,3,37.653786628017826,-117.98509910617419
94509,3,37.29206375921506,-119.13237742506746
95304,3,35.14497013687509,-116.52524455548769
95945,3,36.75435533895749,-118.26950136731108
94560,3,36.772714370423415,-115.12194899570042
98021,3,33.51561934417966,-116.79513961327334
90805,3,37.512764533397835,-115.8875971818282
97702,3,35.52626186223929,-119.33737663629076
92107,3,37.13228733053871,-115.68992758863689
95367,3,34.600248005153055,-115.38621404743303
93274,3,37.477616142481004,-117.56469040590532
92660,3,34.946008393670816,-116.96873531124511
89002,2,33.05418825740149,-116.17595099548502
91103,2,37.52690988209632,-119.12580686369793
92706,2,33.456433383930666,-117.48716961768278
94591,2,34.59656818795207,-118.00668486113844
91107,2,37.75030983525402,-119.26813003918875
75090,2,37.75303573468778,-118.16232788854234
92083,2,35.86718944061643,-119.65913845307253
89031,2,36.159186060848995,-119.87094046525256
93021,2,35.2422276098916,-119.32416855422589
90033,2,34.46605385849032,-115.18442444205414
95687,2,34.64332272684958,-117.25235232052492
90006,2,36.36259228038519,-115.1708891942339
92386,2,36.7618726471884,-117.83751060834933
83686,2,36.95789521862924,-118.4409193345737
75067,2,36.94809071397277,-117.46929068579878
89141,2,33.456030515243455,-117.80244155683545
92804,2,35.472101523512904,-119.47167657869129
93041,2,33.28779380008322,-116.79586842654896
95482,2,35.74764441161868,-118.919809087452
90018,2,35.207652506866886,-116.90206022551085
93711,2,37.4385209137915,-116.74899453800923
94010,2,34.754575062760395,-119.23987573435676
65708,2,33.58533508213803,-119.69325186444667
90011,2,33.71495841026418,-116.0961920696578
80920,2,36.80755315858736,-117.7009978811534
92651,2,36.09109031658131,-119.70918102247262
29902,2,33.50561338061395,-115.02566841415117
98001,2,33.420534030574984,-119.71109719501817
90810,2,36.5048456572956,-116.52482385570724
90601,2,33.36381503182097,-115.08160537368293
97030,2,37.10930029645178,-118.80409947892038
98004,2,36.531211135782485,-119.28875315656401
92393,2,33.4067439032095,-119.39307530288785
90002,2,33.42418857042596,-118.48362426216202
89131,2,37.93319789250587,-119.49477094494677
94070,2,34.871353978780604,-116.53919329152934
78666,2,34.85321073533446,-119.68854100934969
94954,2,37.06399783628751,-117.45288935925105
95117,2,37.73624288691929,-115.01651573073512
95121,2,37.93000531911436,-115.93014865246991
89166,2,36.76689092629471,-116.92390280884494
96003,2,34.88129792765458,-118.46873189606694
94596,2,33.41750358349334,-116.88052081854181
98387,2,36.88573457963719,-117.36479268044174
85295,2,35.79202124867903,-117.86958308054814
90505,2,35.12111004623488,-119.346448116299
93650,2,37.53177192547368,-115.56697892379766
92311,2,33.55598741153076,-117.7510767558934
97062,2,35.463125521454295,-119.02688744089618
91206,2,33.056768223837096,-118.16120324561355
94517,2,35.34330320997063,-117.92935123735536
98466,2,33.28151637840919,-115.86231052216563
90731,2,33.59408958134036,-116.33192809719299
95111,2,33.587631233885524,-116.1534755317933
80226,2,36.246051510580315,-119.94484367785677
98388,2,36.73022439632712,-117.9192300091012
92372,2,35.9168438254858,-117.59327924182338
95821,2,37.810862742372706,-119.90403861588472
95008,2,34.87435289761852,-118.70093395627482
91343,2,34.4285604314093,-116.19855088438932
92329,2,37.3429956409473,-119.314451471355
94544,2,34.11797919259726,-117.32344934273704
93546,2,37.81611269720305,-118.92399063991381
98327,2,33.06077237344908,-119.93939612678054
96734,2,37.8493941335382,-118.7939927120023
60156,2,33.21579955975288,-115.12063122544973
92339,2,37.455715568490355,-115.99231444058505
95670,2,35.6385055454315,-115.20211677839484
95492,2,37.9648239805965,-117.56072978036819
95032,2,33.368982823676994,-119.45131900661248
96789,2,35.769271422006604,-117.26020255513154
95316,2,37.84651267809549,-117.72811332720019
83301,2,35.61548922085075,-115.77821458630191
92663,2,36.14699319067631,-119.50958709607877
90717,2,36.47874344492308,-117.5587943148911
94538,2,35.27270532383886,-119.24975667653008
93446,2,36.137790400420315,-118.3766203655497
90270,2,35.9215715596155,-116.313214613061
32034,2,37.50579005245494,-117.61990935315617
53029,2,33.22723190170729,-118.12055857427116
92117,2,34.404815947961154,-118.02761860714982
95337,2,37.7520574203828,-117.70276615797006
93460,2,37.45131891945458,-116.07491728081472
93003,2,35.27828376392856,-115.53957655529882
90712,2,36.10066298900768,-115.22332656748036
98033,2,34.38690591490566,-116.06548306872352
93305,2,33.940605798618805,-118.42296552125994
97086,2,35.31849202469991,-116.5593264695673
94518,2,34.766761140130264,-117.81198437972304
77433,2,35.91828055925436,-118.72664688976974
99516,2,33.388673184824924,-115.79564210287039
89148,2,37.87197403833083,-119.80786825518838
95148,2,37.93105372239801,-115.49119003932289
90710,2,36.49080857009873,-117.69261267687632
93706,2,35.6804818317206,-116.8139926159586
90026,2,34.547638081431636,-116.7032303889711
89044,2,37.06897509853474,-115.52441129646732
90047,2,36.423655862769394,-116.81665158916397
97015,2,33.81308469672446,-116.93033207619969
93030,2,37.55463592246921,-119.66673979719656
89511,2,37.11268621461585,-117.40795989027399
91387,2,37.74899956645962,-119.2491549959148
94564,2,36.6285975419418,-116.31283115639258
94585,2,36.06707597967895,-117.43889039593662
86305,2,35.091215181453094,-116.59886110395823
95003,2,37.66364241677007,-119.79163549698808
90302,2,37.33031944750204,-119.57603991977098
97504,2,33.226093350530945,-116.41838305968659
91910,2,33.13183487248626,-119.63957832000663
95358,2,34.882316834390245,-119.6437163611737
44903,2,37.05276665390917,-119.93945762382556
90278,2,37.93638064657472,-115.2174930085026
92325,2,33.75208445551764,-116.31245820270496
95658,2,35.970653576760675,-118.23374295748968
90240,2,34.904454283155104,-118.51732209356172
96813,2,37.84957198907301,-118.25148385127075
95219,2,37.210594615678545,-116.1267323440941
99653,2,37.19164352355569,-116.69314694464792
80016,2,35.343465798974854,-119.07402216066266
92027,2,35.07409751168833,-119.12945332332959
89012,2,34.36703535965353,-119.50802175143302
92154,2,33.28187748325463,-116.69848640149331
79932,2,37.32361188127527,-116.17813668889131
90745,2,37.064505045650385,-118.67476785837498
85022,2,37.99858836643065,-119.89527519484544
96826,2,37.983184185369524,-119.58914166261786
90621,2,35.77715852801314,-115.16069982577484
35756,2,36.84493707590255,-118.5227761126129
95051,2,37.72382864941214,-116.15388426080933
60102,2,37.24823695338706,-116.87668215572869
98802,2,34.23674050871599,-118.09030180173552
89178,2,35.25272067655047,-118.97156368902222
93561,2,33.64579707575747,-119.39306790920297
77469,2,37.77025513629361,-116.92493515980567
98092,2,36.0308731722544,-116.12683109681106
92572,2,34.14321402751732,-116.78047873229434
92627,2,36.35850342202929,-117.3484893337542
91351,2,36.090641202289476,-119.79024388284182
91007,2,34.790813590164205,-115.15755611202808
95688,2,33.567787960998146,-116.00642904172713
93637,2,36.357865977963996,-118.53588981649517
98335,2,35.60153850451897,-115.10014835320575
90232,2,36.8615919586782,-116.9905920518184
92111,2,35.60081750555997,-117.08788670896377
80919,2,37.2609075015927,-116.25963410285235
91355,2,35.759534193872426,-115.94115105954931
92230,2,35.804689857676934,-116.71760696334249
94541,2,37.383268013291726,-119.359521268169
80129,2,35.017414331061985,-118.30866247002751
96094,2,33.6700761422532,-115.35958179836975
95949,2,33.1439133815667,-118.87692194078075
94806,2,36.7756862783681,-118.13916488081243
95207,2,36.101547756767324,-117.83961558527902
89014,2,36.52039884049612,-117.80297505152774
93611,2,34.06482080754456,-116.93530208752738
92780,2,33.68185737793385,-115.28462081127647
90042,2,33.07272332833941,-118.79653644083747
91945,2,34.75293779403299,-119.39249311849541
93510,2,35.94958843427317,-119.01264755070031
97478,2,34.961220225498664,-115.56537549895366
89074,2,35.187374610118646,-116.77094593672398
95610,2,37.52079347246874,-118.5704660538042
93710,2,34.7412773351165,-115.92026530515692
90740,2,35.56994744579905,-115.69315001818282
91340,2,36.91826506370572,-115.76742830654861
95119,2,34.98271391160635,-115.40536733180222
1520,2,36.11043350113937,-118.7387948991332
83709,2,37.31181854373373,-116.22479035626861
92382,2,37.74760311828821,-117.6973025136293
99507,2,33.73536740464519,-115.7900072355497
90041,2,37.63293812580747,-116.35754661419193
95829,2,35.46058146539769,-116.11776276750138
28270,2,34.29122194149479,-116.71919081159464
74804,2,35.295678781191306,-119.11285615265146
91024,2,37.90016287642739,-117.27486540551531
92647,2,35.46309046996435,-115.07665130237746
95682,2,34.643758051437544,-115.31305966751441
90275,2,36.16700427158363,-119.78413132101494
98391,2,34.200728093890966,-119.17592592135281
98199,2,33.37931664054332,-119.34135613272719
97756,2,33.64439860955325,-116.37010045007352
92270,2,33.640229194788866,-115.91107335071527
92276,2,33.75951346756147,-118.93244316844664
91731,2,33.69413586324705,-117.47073653524086
76180,2,36.20437372401607,-115.796484859944
94507,2,33.90940042199573,-116.33599227616875
95403,2,34.728336416619314,-117.28881397254077
98248,2,37.48394204953006,-117.04826154770613
90022,2,35.36980820131436,-117.4581972654186
96706,2,36.33778869260514,-118.5122577434059
98023,2,33.86159935600815,-117.17489003570492
92240,2,33.961445094043356,-116.55557348974955
95237,2,33.2043430813324,-115.63338542069596
90732,2,33.844675315360824,-116.81854323010376
92210,2,34.392951695159795,-116.19439231478421
95677,2,33.88505242138373,-119.19964182522713
92082,2,33.44351266878528,-117.69221262790106
80004,2,33.603179355503,-119.95334190086453
97306,2,35.30389384016363,-118.76660567739188
93704,2,34.031668592028964,-116.36769142443498
95624,2,34.821349305240375,-115.04095024325318
95946,2,35.517086354274284,-119.50410950206393
60641,2,36.45197414314683,-117.99252842069356
94044,2,33.19656069920549,-115.9996451565042
94063,2,36.99705199454522,-118.9798218268555
97759,2,36.13950194745454,-117.22457525348857
91770,2,33.40879515974436,-116.33464351985162
95230,2,37.367893120533886,-116.9200727486991
92088,2,37.604362002659066,-119.05987632692292
91978,2,33.305389799274316,-118.2230771565713
80241,1,34.384388240736016,-116.08104107757302
95694,1,37.0310063989653,-117.22886742933991
74023,1,36.74129845191829,-119.97385193228544
75205,1,33.922605096781886,-116.19504619985953
98177,1,34.04674661668355,-119.8234432252988
92257,1,34.85236051395691,-116.27133108634384
97116,1,35.42261492595511,-118.98759719917382
1104,1,36.09127385765148,-115.2096325994031
80122,1,34.844568197848865,-118.16029624348958
15203,1,35.31267358066574,-118.36534191830961
94530,1,36.73735469066878,-119.25555974833777
90065,1,33.18341601445299,-118.47197892254893
99708,1,34.262184721720104,-115.616746190859
95823,1,36.56674792942276,-115.01832831186377
84403,1,37.476034188435996,-118.15845234746575
98629,1,35.55838721057833,-117.75694684522729
76002,1,35.66056742632658,-116.38964530898632
71923,1,33.53586005669888,-115.56902109767462
92366,1,35.23706183411727,-117.03477832906609
92856,1,35.663086332275114,-118.04237150911085
92549,1,34.212352518173645,-117.93689079575688
96118,1,34.346216154746905,-116.52190926751597
55396,1,34.88642081552311,-119.9839086819786
92120,1,33.10035598888863,-116.9020533127008
84043,1,34.610395827915895,-118.2225349477932
46952,1,34.057240034982726,-116.02901334361458
80123,1,34.63748676088957,-119.53504680088434
37355,1,33.59881065909626,-117.05898866525804
98027,1,37.45263640369947,-117.59513555056938
93454,1,35.96796226777025,-116.78837237047387
90221,1,36.395511595722446,-119.67573202758516
30236,1,36.94585619303669,-117.10008106285935
77204,1,35.49221099464528,-117.19257706020238
99208,1,33.43460144043712,-117.19669952791915
74501,1,35.68553270909274,-116.98256166701772
85254,1,35.9342055901044,-116.61766031386819
94019,1,36.72719737092165,-115.97505500159615
97202,1,35.158297731148394,-118.65089639935893
59832,1,33.637901513977816,-115.87475294909969
90262,1,34.41887952899362,-117.50872158868273
91301,1,34.81541148199317,-119.61470860432834
93436,1,36.229586206658006,-119.70724535378011
80127,1,35.85389152334456,-118.3288084065197
81521,1,34.78048362948923,-116.07551511444267
80911,1,37.932576243964895,-116.46159532629542
83714,1,36.028874096784435,-116.05692517663798
80134,1,34.186133958679974,-117.41365471779196
80921,1,33.50891236310202,-117.79900501022254
94553,1,33.76429569592166,-119.26273736646858
38242,1,34.22978864192254,-118.35903623195344
98065,1,33.80340686629778,-117.82990316913062
10901,1,33.93283512025653,-119.55699785160192
95819,1,34.425475843469236,-118.89694023644394
32810,1,33.86686797647378,-117.00887352968131
68516,1,37.48382712313212,-116.32168442880405
93401,1,33.401168728308214,-115.00826244303525
91011,1,35.62255694785127,-115.33443334328221
60585,1,35.051984134948306,-116.78717400232404
79912,1,37.91189308454303,-117.89375973352963
97078,1,33.56019451084026,-116.81911317645884
57103,1,34.98927799522871,-116.07174190959884
98938,1,37.847352166376844,-119.40831904538307
92323,1,37.3275356294699,-117.95047555151856
73013,1,37.0853603547464,-115.80098857182192
91108,1,34.2895141352247,-118.08083524033478
97138,1,33.854437936950326,-117.14063864386407
92427,1,36.343216099622154,-117.061153195689
75077,1,37.64687994563793,-119.0776187343318
95129,1,35.783814465069646,-118.18882279173856
29621,1,35.8580634473495,-118.32744355629033
92612,1,34.39989546830142,-119.86901645733968
85234,1,36.847464665959684,-119.87904118054323
97405,1,33.93521874278762,-115.84151478162113
59911,1,34.618396182021215,-118.63464595013593
93722,1,35.127182193082085,-117.40960616880592
98292,1,35.53805189342228,-118.50637213205613
98502,1,34.212048662075404,-115.2966037744233
85194,1,33.574184123696014,-118.70351620567114
96814,1,36.053100212208165,-117.85171593630533
94110,1,34.44315276620128,-115.63634874757699
77879,1,35.90619110711306,-115.79033216604095
30088,1,33.77181357637101,-119.06949291076862
48442,1,35.405700509274084,-115.98678345102145
98374,1,35.66294716275793,-117.70906556631054
24073,1,33.259117684112134,-117.58515563957323
79423,1,34.6830213909696,-119.33260013792028
62221,1,33.67207338469487,-119.59699243121437
95618,1,33.31687485236384,-116.36030346513117
85395,1,37.94980116194973,-117.5176942382235
89134,1,34.61176922487361,-117.8157464869241
99586,1,37.049372229273175,-116.35245885673801
95206,1,34.27320327381882,-116.17243550504445
97055,1,36.40751361111965,-119.20545916165324
89129,1,36.80113929944843,-116.94887425261179
98077,1,35.978193703039224,-119.32322958861157
75071,1,35.35788094275079,-116.24312456985477
49301,1,35.05920457073634,-116.7152242186643
92659,1,34.744341332714974,-115.21692689458271
93532,1,37.64764572123913,-119.65520991821789
95928,1,37.15309703893865,-119.71472639424373
92264,1,37.82513455333256,-118.589064626534
95969,1,33.62148611742772,-118.69147158132047
95776,1,36.65433737601822,-118.76510600464
76065,1,37.69170228410519,-115.46872709739482
92342,1,33.9061653308283,-118.75226900075246
86504,1,33.33248133683389,-118.64025136935685
79606,1,36.705603246450295,-116.20300868791018
89138,1,35.87236556589956,-117.7513007877473
35553,1,37.20914388379136,-116.1164472152241
68116,1,33.69886188313145,-119.67316921217807
46310,1,36.976336559299455,-117.56214403163308
98801,1,34.00813660023872,-119.8319319990836
76638,1,33.818279714328526,-119.68673398272323
48371,1,33.821328989654965,-115.46781273327795
66205,1,37.072873601156914,-119.30377314441202
98626,1,36.325986103481,-117.33789658862392
98370,1,35.615327123845596,-117.94452198699646
29466,1,34.794152420617515,-118.26328336870579
85251,1,37.38600270406554,-115.50083327156364
90670,1,34.96222553711318,-119.89088301612256
85742,1,37.082997197357884,-116.68105156912205
3304,1,35.195674542851094,-115.18302782893225
73162,1,34.884722147124535,-117.19915908269078
93036,1,35.31339892834803,-115.31588768983454
90066,1,34.50688937082071,-119.73871060356988
37221,1,36.73804690088126,-117.9060334046292
83669,1,35.513601950462395,-118.69921104518974
61704,1,34.16106347573409,-116.34589517509635
81147,1,37.497872866372845,-115.09351454751376
41339,1,34.91945610686606,-118.71734968777876
37069,1,35.71776430556994,-116.72912699262963
93111,1,37.53236055482274,-119.0095118362013
96788,1,36.12118997956996,-117.17334872714196
75063,1,33.58449020354182,-117.68033756655832
10472,1,37.699160618067374,-115.13997335184231
96145,1,36.138540265357086,-116.95736363651767
85629,1,34.67452807328543,-118.2524681395659
94057,1,33.696360363316934,-119.42952107556033
94571,1,36.97012594635148,-119.24376585632533
95127,1,36.10036377964257,-118.87341535024382
97051,1,35.66730545988161,-118.74516669329851
90017,1,37.46946291525479,-115.74691971079432
10035,1,36.942986056122656,-117.19388605858738
85710,1,33.758374398663754,-117.38304544312817
85354,1,34.55861033897774,-119.42615564065392
59061,1,34.24244569907233,-115.69930153325282
90247,1,36.719731462863386,-116.38592848395758
95470,1,33.1676621736789,-119.66165819049999
92254,1,35.84944842435658,-116.46082451385115
6340,1,36.812293428703455,-117.28230891328677
99005,1,37.383828183808745,-119.59137327126611
85704,1,34.710408743579535,-117.70849679235671
77354,1,37.10628652336006,-117.57651856434977
90802,1,33.55315868477604,-119.17112729918362
37885,1,37.23226145867259,-115.27150926499858
97367,1,33.637443311659915,-115.75012314259669
2155,1,34.98643645280184,-116.65488831335446
90008,1,36.986476828897764,-117.68852219499696
99635,1,33.74958713674387,-117.94117229207745
96819,1,34.14625697616321,-116.74513266424523
33713,1,36.61126284196533,-117.27284065296547
92225,1,36.60018268273037,-119.68863447059057
78231,1,36.205738164426485,-117.43748675614835
49548,1,36.4697422223355,-115.9679819138358
19144,1,35.71362221673798,-117.70380061201521
92782,1,34.25899529453476,-119.74021711222866
78130,1,34.7284799675196,-116.06860900307983
92153,1,33.90798858400713,-118.99318108932013
92423,1,37.542252806668145,-118.70689582555981
90003,1,35.9169589738306,-119.17646823283852
90019,1,35.0042570838182,-118.34892467564251
83616,1,35.31002901822066,-116.21624247155682
98372,1,37.736416698059074,-117.4030707024803
97103,1,33.7667570155804,-118.97559362924643
89448,1,35.93114916008398,-115.61084960923979
34952,1,35.52944339442233,-115.60209072524235
92356,1,36.05727117717324,-115.64710787476997
93723,1,33.0905509191042,-118.8060189430923
97218,1,37.360619544720755,-117.74380327909506
25428,1,37.660591412418064,-115.07505171929563
94024,1,35.82566591794605,-116.13993761845005
34787,1,36.48325411938446,-119.8641628938722
59718,1,37.61249690588648,-119.67397704369753
85374,1,36.53619317156699,-117.68034311593834
64060,1,33.76269521457131,-115.4538989706922
98103,1,35.88144180083407,-117.30649101023643
76262,1,36.03357523191428,-117.51093745982855
91208,1,35.12065335651193,-119.47263150021685
93907,1,36.68222117812361,-116.71609947637853
34739,1,37.671835073845074,-115.88948419699888
55436,1,37.62784256453388,-118.0978999624622
97754,1,35.25419685702066,-116.12194074537337
30115,1,33.56619022920378,-115.17761673049594
92358,1,37.92420599481167,-118.98116770436155
99223,1,37.19449043222967,-117.3833518440263
91326,1,33.62331340601634,-118.56431020957712
38134,1,37.60420941308686,-116.03572790483081
83687,1,37.34948181031064,-117.11203317059422
93309,1,35.59419028563036,-116.82708791224849
33637,1,35.956377178724644,-116.01042920192053
75227,1,34.99501351935065,-118.02014763668772
21114,1,33.27380819411016,-115.42454965796479
98258,1,34.6759862082295,-117.3348556637693
99218,1,37.01426724299006,-119.21022588582326
19462,1,33.02316011502302,-116.52050440915599
45177,1,34.66749585845572,-116.03369324780873
23434,1,34.99084346795472,-118.41619161466237
91776,1,35.686978014689615,-115.71410371500623
85224,1,37.599278082063805,-115.46928372617117
94535,1,34.73172997182981,-118.61547756311096
94542,1,34.73476600948114,-115.08239263642389
90241,1,36.68750624054874,-119.29644235975621
90304,1,35.261089704449034,-118.98992165798755
50263,1,34.12302411469991,-119.07887580380986
95722,1,35.26219758066347,-115.53005144996065
76016,1,33.704285101898996,-116.7285372383752
37743,1,33.88193493253112,-119.23947858388864
80219,1,35.491838863697396,-117.79838290815826
93272,1,35.09462724752274,-116.92350987465099
80128,1,37.5742295053405,-119.58267957505308
92701,1,34.81196949558316,-115.5879181579633
60452,1,35.902941751390216,-115.98198232279232
92841,1,36.16132143959765,-117.47396613211681
99517,1,33.06547228294167,-115.16436692370415
92536,1,36.317686860083555,-117.91119510362451
59741,1,33.89017983434876,-115.07944840481751
80831,1,37.805351587347275,-116.66040000598187
94089,1,33.743313638765564,-116.8266436337303
77070,1,35.073120618635116,-119.17022552352107
77064,1,33.42674834039322,-115.59036120847678
53076,1,37.98437125922974,-117.86255156039692
80020,1,35.51097505165621,-119.1888329710876
92178,1,35.97692508660022,-119.9369624001212
49712,1,33.335382386942136,-117.20122158180808
92331,1,36.74980235199589,-117.36300188938662
84057,1,34.04952796547793,-116.40323188815421
37932,1,37.49027144720357,-115.54870973491099
85143,1,34.025698202410034,-119.60296707678485
92655,1,33.95343860331833,-116.34251754829819
98682,1,33.182748339240476,-119.06294027951209
22026,1,35.36033472555,-115.70911473421418
89113,1,35.824205666313084,-115.90468243069172
7070,1,33.32854319714176,-117.29603122507228
34212,1,36.877638083475055,-116.44878600688344
92281,1,35.26644417374014,-118.42824943408125
55449,1,35.6219513466379,-117.64416050533593
99301,1,35.20381373469114,-115.89181551144765
84790,1,35.00381530437663,-117.70367401413392
75189,1,35.79820165654109,-118.21100867337279
90001,1,33.776201229653566,-117.5289377637485
96782,1,33.909640652476355,-115.85875373781391
91911,1,37.30892810506759,-118.32395976314564
92123,1,37.73057731066817,-119.13119203432129
95926,1,34.866546581398765,-116.4399298983461
92676,1,34.35372336571777,-115.87010893645959
92251,1,36.21999771619508,-119.49681260738234
85381,1,35.04367085549048,-118.80062943622028
80205,1,33.126931778301724,-119.29014005119502
80021,1,33.78076298683095,-118.26029294208917
93705,1,36.579861144236986,-117.74824510547293
95834,1,36.29461970955076,-116.25586831518346
91040,1,33.135479962517415,-116.74426207559164
87120,1,34.109860809664745,-116.89535716260784
92531,1,34.155373982940354,-118.23812526695173
99709,1,36.35946371799364,-115.7927622345762
30277,1,33.09855268877182,-117.64356416300917
61571,1,33.52054290992287,-115.10447530992423
60193,1,36.99958042686595,-116.82928930852131
12569,1,33.89272331027167,-119.36867629217748
95045,1,36.26373053925937,-116.61911218962283
29492,1,34.190913905233636,-118.3744799228415
85739,1,33.49720696379673,-116.56836401656952
76001,1,34.21586095499727,-119.65179425918797
80023,1,36.6113346592783,-119.1255928141202
98362,1,37.278482340531426,-115.72131370547106
74137,1,37.15109932283496,-118.86410221488242
34741,1,34.985917648092276,-115.8147943737853
88001,1,36.34042568285323,-118.60361955772795
72015,1,34.024921477079104,-116.78559044970646
80033,1,34.46573865130507,-116.52924713245085
27587,1,37.481679092605596,-117.43672623427473
85901,1,33.06500961755368,-118.47344661651634
96749,1,33.427542654272344,-118.93677811814452
80922,1,34.03943127573014,-119.83405322718787
55372,1,33.132661019369095,-118.48026799379637
98685,1,33.907177175448986,-116.73418604734358
6473,1,35.915207804848464,-115.30847590775758
93908,1,35.10712275296249,-115.64397758868473
80435,1,37.46335855538487,-116.16967611732349
93263,1,37.0872178086922,-116.05776328373351
98146,1,34.70908675848938,-116.67507548262003
77316,1,34.297117167156465,-118.69856571216998
90716,1,34.898462040836336,-115.46402484647085
91201,1,35.95147471257404,-116.64633844047083
89102,1,34.34031820411438,-117.1977968450978
97124,1,36.12074453924567,-119.44505265393259
85044,1,35.047058260956206,-117.76472228096787
97230,1,35.7602359042599,-117.69820864399037
95135,1,35.18063264567658,-115.67718195238665
51503,1,34.47232879770959,-117.26675889906106
93609,1,37.74226653481078,-118.09799725514794
49506,1,36.81802897079881,-115.1159983574467
90032,1,33.700565878832265,-119.44639703336843
95130,1,37.342339879489565,-117.88725785844028
92003,1,35.437155991247565,-119.78987662414298
90039,1,37.47276113447046,-116.30047939616534
75167,1,36.99927627973658,-115.40961723900425
17011,1,35.12606752234617,-118.59981335224755
91915,1,33.11234654160059,-115.7082916160044
49024,1,34.34338679692473,-118.53890884769051
89521,1,35.708171073304335,-115.44614919178042
21042,1,36.16739109913074,-116.23019048201608
20165,1,34.28943842716601,-115.97546611579281
30213,1,33.696780370364124,-119.90996722199773
93203,1,37.174651183996495,-115.18594821462987
96825,1,37.92201090351776,-116.36664503964839
85048,1,35.628450911513426,-118.47624452306934
53916,1,33.858396429241516,-115.85302667570576
55126,1,34.361536632596845,-118.59239400792535
93063,1,33.09195338273734,-115.63623080216937
11432,1,37.5714940328025,-119.43709804794031
71901,1,33.5887554144507,-116.48157011269602
86326,1,35.88258237757127,-117.29650761677544
95457,1,34.37027610343603,-119.51732764902279
92823,1,35.77089001257897,-118.79053085870581
90305,1,36.25710194175932,-119.93797981861343
85719,1,37.14870901853601,-117.65616017267747
91331,1,34.03210635880301,-118.49367369619999
95326,1,33.0549791432924,-117.0082125785112
87109,1,33.68442815034403,-118.51381096145691
91205,1,37.500093209240525,-118.50040444246508
14481,1,37.36945038781258,-116.28403400634198
93458,1,35.987065510851544,-119.75928582010823
90501,1,36.002584302168266,-115.48552502404006
43614,1,36.325183372731274,-115.7386806280441
86315,1,33.87685639311725,-116.66097658386796
90813,1,37.5720597296248,-117.03389214946309
12083,1,35.09385262446037,-115.53848750930175
75703,1,34.91569264124749,-119.07334910235643
98003,1,35.594588526414185,-119.60515418904586
96816,1,33.234829833875274,-118.8024491504523
51041,1,33.831416843780396,-116.02710860649904
93906,1,36.690168082131855,-119.82664866636759
93539,1,33.413993339625634,-117.08596582458256
93292,1,36.01576054733194,-115.02281241904345
15235,1,34.226745548406605,-115.7215195308123
91775,1,34.946478070209885,-117.39277155478206
91754,1,34.443468683853496,-119.68179545356679
92397,1,34.778363582324744,-115.84313242807146
83501,1,36.595229525921226,-117.00510745911394
969,1,34.48560857811587,-119.42533501470217
64139,1,35.83202320148449,-119.53071357588323
70301,1,35.3802520109955,-115.45186590281703
92114,1,36.31835582681324,-116.6539986853096
14580,1,37.684148696623794,-115.85356600341622
87105,1,36.66286048605125,-115.60510549858867
80907,1,34.07470189295378,-117.14113823975839
19508,1,33.155915675306424,-117.4127682412248
53719,1,34.31132022149912,-117.84786294839505
95650,1,35.975389653501274,-118.4152670610444
99352,1,33.25712906742125,-117.82702019570644
55125,1,35.48183123600618,-116.13060172134922
95070,1,35.98421424458444,-116.99038284492434
92249,1,34.671219454084806,-115.53738355022577
98662,1,36.85456101872911,-117.78309992810406
92075,1,33.53299126566886,-116.96455210640623
30268,1,33.375688908679045,-116.84346223454006
30625,1,36.64094378101802,-117.04151418846837
51238,1,35.47745658103099,-116.48683113457241
85255,1,36.44201198213868,-118.81283265812597
85024,1,35.17413669301873,-117.43818111227105
84065,1,34.232010166195536,-119.47887598595827
21219,1,37.095511588371,-118.07744336177593
74006,1,36.997079394844896,-117.56166465689368
38053,1,36.473482354272136,-116.73887870227264
93308,1,34.36072568614981,-115.24734473706899
38017,1,35.951153334345435,-116.99674466725823
38654,1,34.804869484700134,-116.2820304191172
40245,1,33.45791036663317,-117.46866970252398
85340,1,37.58656787731121,-116.82947984311835
36351,1,33.684093154594805,-119.64533891933114
24503,1,37.75118676910401,-118.72804209579077
98665,1,35.23002886478978,-118.19073453397431
30722,1,33.9256646441931,-117.63753322496743
96768,1,35.70950473689179,-119.77175627248808
15139,1,37.36472917938204,-119.29987951223342
93222,1,36.66112443204781,-118.61592846104347
98520,1,37.03280573930725,-115.14233654549474
94580,1,36.29391683355359,-118.34326496448475
55129,1,36.461382822589265,-117.58979470943959
98272,1,37.24597825782659,-119.01951143630804
91304,1,34.24834004429593,-116.94609964462116
30040,1,35.447124818215705,-118.59658392242012
40216,1,34.10604720909801,-118.96503710780786
85053,1,37.93834003998323,-117.4171368577701
85209,1,37.72029669843307,-119.9724710041979
97008,1,33.19713405684253,-119.96167983675387
95012,1,36.52787586257844,-118.9046559544907
94566,1,37.626241587078326,-119.81639318749589
46373,1,33.902876725636666,-119.45987122934655
30276,1,35.83972615276315,-118.30569675330624
44313,1,37.577441487940206,-115.98707160210094
94928,1,33.16972989292899,-117.1397567831535
98155,1,36.4871013362342,-117.43666137021792
86301,1,34.48674503686276,-118.53255588395939
94014,1,37.621980976882654,-115.34123140283592
44601,1,37.85529122582684,-118.01492479381405
1056,1,37.72133244556717,-119.56453616602114
85308,1,35.37107108328732,-116.91466741941099
43050,1,37.31021325494657,-119.430808032617
99567,1,37.222746992675354,-118.27388428599154
13078,1,34.59550236621628,-117.46294030641096
85260,1,37.14457737075339,-115.62888737657413
21122,1,33.18503817357746,-117.5322670982994
17555,1,35.981349392410266,-116.48870616984168
81230,1,34.150044186438514,-115.03591580500465
76248,1,33.602834428886396,-119.3425544005101
33803,1,33.384766008146045,-118.6263423724024
33909,1,36.481443879390696,-118.02711962201177
93651,1,34.69937481884033,-117.89085910730584
99669,1,36.62383385764381,-117.94489462367227
48141,1,33.32678170399471,-115.46194498721722
64118,1,34.57645168915305,-116.42983677766571
93601,1,35.69745646187668,-116.96047392954648
92809,1,36.95361582419482,-118.45313641068608
6013,1,34.59376251466035,-115.88104807889353
80106,1,36.129456882185046,-115.22469744257505
27591,1,37.42988874118093,-115.89400858724886
20132,1,36.07931594091152,-119.99217447404264
91801,1,34.16479737376817,-116.81799314908297
94551,1,33.12200390778269,-119.7443230927895
46142,1,37.35049436950465,-118.71196389833139
90061,1,33.106347054251934,-119.70237649826115
20148,1,37.373508363420996,-116.98102273525306
85050,1,35.64468567013606,-116.56705043253697
23233,1,37.69533849256448,-119.42756180967048
93654,1,36.993916178868325,-118.0808055847751
75078,1,37.98967055266669,-117.7188174552223
96754,1,34.75355907725855,-118.15473489119542
28097,1,36.83594144465563,-119.39487499757404
80120,1,35.00965456804621,-117.90526104906262
96136,1,35.399378101519545,-116.24410976095791
97703,1,36.13752731609185,-119.64496167733373
96707,1,37.36838557093169,-119.59909992959048
93390,1,37.920417345996476,-118.22614354082008
85331,1,36.841367069322594,-115.29137144190537
98026,1,35.08883391083667,-116.65713676638543
60542,1,35.10678501138535,-116.60665021663718
85207,1,36.687911507944456,-118.19040004581068
95831,1,34.193885728841515,-117.03169604395731
90025,1,33.55237056565697,-119.94934407986128
89123,1,34.77311078820388,-116.81951976795229
93657,1,34.436194958270406,-115.43356526211882
95663,1,34.48154060227995,-116.9371326582759
94062,1,34.16803875524955,-115.63150703266828
28056,1,33.210465948181806,-116.38013472266952
63116,1,33.08936967366707,-119.39720791798155
22152,1,37.938611948680155,-115.48773346357079
93726,1,35.138865668679315,-119.66778077822113
48187,1,34.92163323579841,-117.33016263726118
83835,1,36.39823641346535,-119.28931438103271
97524,1,34.09126943932532,-119.94146694634549
91311,1,37.749805919751125,-117.8898286993618
89139,1,36.93172507207776,-118.52479646172922
96349,1,33.4470550115613,-117.56999753101198
98273,1,35.08790387892464,-117.11400056632725
95833,1,37.39559153781082,-119.78130463845527
77479,1,37.72366011145705,-119.38498352438127
94533,1,35.33700755624935,-117.20678801774787
80132,1,36.06705694605354,-118.28416323413671
39532,1,33.83516973046038,-116.35413256225276
53036,1,37.95584313068488,-116.7385417570403
925,1,34.15835850691722,-115.77197818505047
92310,1,37.71365887067563,-116.53753586665387
49002,1,36.248233244961845,-117.85034461304926
87124,1,36.038683974394296,-116.63516688802784
98382,1,35.563442555082545,-118.62309412872291
37027,1,34.153349058588795,-118.46843250610894
32506,1,33.88264016002754,-116.05507420039604
80007,1,34.102431045350876,-117.76790241799209
80234,1,33.93219131072127,-116.00809829740824
80126,1,36.897922367833765,-115.88788813165861
90220,1,34.75062629583365,-115.71218831169358
75043,1,33.28921338281698,-115.41682382079397
95628,1,37.84551315070406,-117.84507389743352
17325,1,37.41892942481713,-118.40566590839431
92401,1,37.63876141597606,-117.08900626702943
94404,1,37.974539113232176,-118.14413788281186
98020,1,33.869476246097435,-116.99462916599883
1523,1,34.981210094513294,-116.47207068678088
50325,1,36.791192378520456,-116.55797490753932
80550,1,36.48010309026896,-118.1272355648994
99362,1,33.769479531699275,-119.16569899150623
55407,1,37.07916562495309,-117.84735330768896
98407,1,34.122202859183304,-119.28702927959046
93737,1,34.119088074113115,-115.54951482408096
92126,1,35.68487211446707,-118.2706126963107
90403,1,35.96469967420852,-119.22770126388338
15601,1,35.90043103918906,-119.87276120047125
73159,1,33.45743418698878,-116.77088806856757
95136,1,37.3873043131519,-116.81548841272628
55112,1,34.32800021294353,-118.29697916709354
91302,1,33.64757460641402,-119.64144055576175
93105,1,37.44374039934489,-117.95185552552384
98512,1,37.778257491148764,-118.44391252468303
97501,1,37.31063808632725,-116.61439680132496
95110,1,37.04758037362439,-116.97110375273655
77035,1,36.27620990319511,-118.1770313590123
98290,1,35.7542868530457,-118.91053722872505
98683,1,33.43493379955705,-115.05982016922204
90045,1,35.042266065353495,-117.72999189401942
95655,1,34.86344258506157,-116.55862882109882
89104,1,34.29876891880163,-119.2972351621082
92657,1,36.61710056844292,-117.57205150170302
98058,1,35.47937867539385,-119.86231640065267
72903,1,33.40523107953824,-117.47272441044775
95247,1,34.10091600974906,-115.17991296441149
67951,1,36.41629381829798,-118.078966435071
95139,1,33.3806542974515,-119.80501993712544
95401,1,37.25603457024384,-119.84522104540328
95023,1,35.475732635069875,-118.06006620026565
18104,1,35.40293288663324,-119.19987531768403
77584,1,35.96203892329759,-119.88323951835908
84070,1,37.12340482962575,-116.21893193024911
91602,1,34.73904603951097,-117.70738495559054
93643,1,36.39008076279532,-118.55377614013673
67063,1,35.82865981997895,-115.4995840849176
95062,1,34.33514135084711,-119.41930519899738
85741,1,37.39314993177579,-115.2204058552234
96001,1,36.98713010803464,-118.43016641311324
76687,1,36.29225917329213,-115.5579816384566
90230,1,37.25290864547121,-116.9852856176027
80305,1,37.33647100479901,-115.86646320129256
93527,1,36.54181488357517,-115.07993418394767
19543,1,37.18506664181836,-118.55797281090628
91941,1,36.48735730834642,-115.19432257296204
92802,1,36.4007038588015,-118.0525905254879
97128,1,36.09305689107592,-118.07244047631539
90804,1,36.76358319778821,-118.29806447872747
91601,1,33.79302552646537,-117.29296196326207
94619,1,37.404353795994645,-119.22927478410756
99205,1,37.35921763872616,-117.23144257320995
83877,1,33.146236415172794,-117.29147593794998
35242,1,37.12908375282382,-116.19049093697565
93442,1,33.644349337367224,-115.83175019031208
93060,1,34.67559427129571,-117.79779324843788
89011,1,36.71754128145804,-118.48833375324253
92284,1,33.803799480241544,-118.70332551341453
90040,1,37.08983512059531,-119.02688081647564
77581,1,37.16067088978871,-119.71176208900488
85296,1,35.53733866880418,-118.28776010582644
94555,1,33.031929358584165,-118.64876153934608
93940,1,34.435190665874565,-115.16791307066796
98235,1,36.08463459187871,-117.21145586874978
95075,1,37.905930890137114,-118.26361480484746
97362,1,36.15906763508334,-117.09766199503152
92055,1,34.299017905320795,-119.30401649327152
94710,1,36.17002851549806,-117.77978125398899
94087,1,35.69992689857928,-116.86882839289468
95386,1,36.89922697575572,-117.55551084103774
95620,1,33.53490319413479,-117.99110599672838
94577,1,36.80513951251014,-115.03075805550151
76137,1,35.70633289338055,-115.59842618925536
98208,1,37.81496001929497,-116.8829702092028
27539,1,34.70936083019343,-117.15311319408859
89410,1,36.16310946566974,-116.89669760087708
38913,1,37.660140527550084,-118.99343946088783
96007,1,33.512548639953394,-118.0243112836784
90290,1,37.68614243618226,-119.8027023355455
94552,1,36.43942861150407,-117.62226981256586
80634,1,33.33918529552586,-117.28487708021169
89145,1,34.504817834734084,-118.86125131948396
57702,1,36.54086044322641,-115.17985576417243
91962,1,33.33675300734386,-115.45272694531378
76013,1,35.910852300881366,-116.38928382272047
99577,1,34.729415284764784,-117.33306685617319
95973,1,36.10457758883739,-115.65015420176158
27006,1,33.228710169062566,-119.34673828088269
77005,1,37.35768403076188,-116.04745102862557
94015,1,37.867444845886986,-119.37589593016575
90266,1,37.84438927642846,-116.02894668725297
98042,1,36.748259158714625,-118.62116215874322
95320,1,33.65043120065316,-115.61454709490906
43950,1,36.79131597964511,-115.27978953087302
98006,1,33.12293458229401,-119.25602015297441
94041,1,33.11061775764499,-117.68662197467303
98022,1,34.6180510957477,-115.09506310918657
74033,1,35.44321595202333,-117.58296282013427
6830,1,36.852037089038966,-115.68226238742727
72401,1,36.41647688303252,-117.0563423893434
30188,1,35.22951353188374,-118.123350460402
92539,1,34.36813333140833,-118.57108222237065
70094,1,37.98562250078856,-118.98388454456956
92502,1,35.130906511179866,-116.1910090431115
77345,1,35.256935121648375,-118.06729746588486
99203,1,33.818119105958345,-117.44362268899624
93422,1,36.974047743749644,-117.53837259999409
75070,1,36.46841112890744,-117.11360485383435
98264,1,34.1038480639438,-115.67211427187723
98274,1,33.41190522807921,-115.09630328208286
94539,1,36.40249651037357,-117.96207895713091
91361,1,36.272556071405674,-115.86240538946848
91381,1,34.36629763499105,-116.17736102672642
95006,1,37.75431781125205,-117.13235524272213
92241,1,33.7552894589045,-115.21976428194033
68137,1,35.16167400521301,-118.99762742235798
14505,1,37.718079600837996,-119.4536789484519
95531,1,35.09863658463061,-115.7301901652229
95324,1,36.19262973832043,-117.80425091683126
95215,1,34.98797198981397,-115.7651557289647
98075,1,34.37107601174335,-115.53454897402293
98444,1,37.91988823979914,-119.68771203190464
95987,1,35.04667003157522,-115.5826761850697
93927,1,37.47049601839567,-117.75840472315289
98366,1,34.14977302945543,-117.44783755497883
83002,1,34.06552352012542,-116.86703744453395
89107,1,33.15567041442256,-115.36808696634957
7677,1,36.258334126879426,-119.90441952785118
93560,1,34.842631718618804,-117.61578265841092
30114,1,37.321791249198185,-116.56138978784719
90013,1,35.36604953345778,-116.38646521150886
93618,1,37.84096713957361,-116.53733784231446
95838,1,33.927627578515605,-119.3278243529594
85258,1,37.34311583977805,-118.5030220581416
97303,1,36.88298426395871,-118.20642237291493
49546,1,36.85460922322026,-115.97781396160248
95204,1,37.223916140584436,-118.60620063792723
78730,1,36.805119954714996,-118.94647518066398
86406,1,36.131101608157074,-115.21275990480952
94101,1,33.656224388411935,-119.95568357443265
34205,1,33.16263089745626,-115.0108957215901
37174,1,37.60423923907843,-116.61589350571302
97035,1,36.08325157260369,-115.85765350275442
85743,1,36.982686454880884,-118.52690301826904
55330,1,35.40761175756275,-119.9284236116647
39232,1,33.58654094481197,-116.31065240719235
89441,1,33.625928961012754,-115.82927701499662
16066,1,36.427826436144855,-116.2976193402324
6067,1,35.151529474497316,-119.2857485634958
61525,1,34.002623633501685,-116.23286038871515
95368,1,35.45797273370719,-116.1553860894618
95348,1,33.32104468537567,-116.70729742164973
78132,1,35.909857009571994,-116.16942033602207
92109,1,34.34496702217549,-115.77039280161134
94558,1,36.98779550318594,-116.93197942881271
77339,1,34.55180979461787,-119.55697643015161
81623,1,35.276100745409,-117.56186095166395
95125,1,33.058102699540505,-119.61175332664197
97013,1,33.36223443897279,-117.96228484483784
75056,1,34.96246778203342,-117.96446755437186
93646,1,35.399694173585615,-119.66995077929879
97401,1,36.00010274059652,-118.2558973301526
43023,1,34.45831289354652,-119.44500950604342
72032,1,36.474909430632714,-115.9588239499539
76210,1,37.30061198594602,-115.26155987017765
95122,1,36.89925494446675,-119.63841762371031
98607,1,33.198094126741786,-115.2244239635415
94127,1,35.40253473628914,-117.38711700331628
60555,1,33.524650892090875,-118.50217161023063
12816,1,34.210225079312636,-119.61568962361918
91203,1,37.933312966335734,-117.4968786596479
90806,1,33.712477714507564,-116.02742227754625
76092,1,35.49444076725678,-116.4645676136665
90680,1,36.0907786715906,-119.74886994268013
93534,1,36.51232485272052,-119.63549082316048
